-- phpMyAdmin SQL Dump
-- version 5.2.1
-- https://www.phpmyadmin.net/
--
-- Hôte : 127.0.0.1:3306
-- Généré le : mer. 18 juin 2025 à 10:47
-- Version du serveur : 9.1.0
-- Version de PHP : 8.3.14

SET SQL_MODE = "NO_AUTO_VALUE_ON_ZERO";
START TRANSACTION;
SET time_zone = "+00:00";


/*!40101 SET @OLD_CHARACTER_SET_CLIENT=@@CHARACTER_SET_CLIENT */;
/*!40101 SET @OLD_CHARACTER_SET_RESULTS=@@CHARACTER_SET_RESULTS */;
/*!40101 SET @OLD_COLLATION_CONNECTION=@@COLLATION_CONNECTION */;
/*!40101 SET NAMES utf8mb4 */;

--
-- Base de données : `sonatina`
--

-- --------------------------------------------------------

--
-- Structure de la table `playlists`
--

DROP TABLE IF EXISTS `playlists`;
CREATE TABLE IF NOT EXISTS `playlists` (
  `id` int UNSIGNED NOT NULL AUTO_INCREMENT,
  `name` varchar(255) NOT NULL,
  `user_id` int UNSIGNED DEFAULT NULL,
  `created_at` timestamp NULL DEFAULT CURRENT_TIMESTAMP,
  `updated_at` timestamp NULL DEFAULT CURRENT_TIMESTAMP ON UPDATE CURRENT_TIMESTAMP,
  PRIMARY KEY (`id`),
  KEY `fk_playlists_users` (`user_id`)
) ENGINE=MyISAM AUTO_INCREMENT=15 DEFAULT CHARSET=utf8mb4 COLLATE=utf8mb4_0900_ai_ci;

--
-- Déchargement des données de la table `playlists`
--

INSERT INTO `playlists` (`id`, `name`, `user_id`, `created_at`, `updated_at`) VALUES
(1, 'Sonatina Playlist 1', 0, '2025-05-26 13:25:41', '2025-05-26 13:25:41'),
(2, 'Sonatina Playlist 2', 0, '2025-05-26 13:26:19', '2025-05-26 13:26:19'),
(3, 'Sonatina Playlist 3', 0, '2025-05-26 13:26:39', '2025-05-26 13:26:39'),
(4, 'Sonatina Playlist 4', 0, '2025-05-26 13:26:39', '2025-05-26 13:26:39'),
(7, 'zorglub', 12, '2025-06-04 11:50:09', '2025-06-04 11:50:09'),
(9, 'lol', 12, '2025-06-15 10:20:58', '2025-06-15 10:20:58');

-- --------------------------------------------------------

--
-- Structure de la table `playlist_songs`
--

DROP TABLE IF EXISTS `playlist_songs`;
CREATE TABLE IF NOT EXISTS `playlist_songs` (
  `playlist_id` int UNSIGNED NOT NULL,
  `song_id` int UNSIGNED NOT NULL,
  PRIMARY KEY (`playlist_id`,`song_id`),
  KEY `song_id` (`song_id`)
) ENGINE=MyISAM DEFAULT CHARSET=utf8mb4 COLLATE=utf8mb4_0900_ai_ci;

--
-- Déchargement des données de la table `playlist_songs`
--

INSERT INTO `playlist_songs` (`playlist_id`, `song_id`) VALUES
(1, 2),
(1, 12),
(1, 32),
(1, 51),
(1, 52),
(2, 24),
(2, 56),
(2, 65),
(2, 71),
(2, 88),
(3, 5),
(3, 11),
(3, 61),
(3, 98),
(3, 100),
(4, 11),
(4, 17),
(4, 62),
(4, 87),
(4, 120),
(5, 1),
(5, 328),
(7, 1),
(7, 27),
(9, 399),
(9, 400),
(9, 401),
(9, 402),
(9, 403),
(9, 404),
(9, 405),
(9, 406),
(9, 407),
(9, 408),
(9, 409),
(14, 314);

-- --------------------------------------------------------

--
-- Structure de la table `songs`
--

DROP TABLE IF EXISTS `songs`;
CREATE TABLE IF NOT EXISTS `songs` (
  `id` int NOT NULL AUTO_INCREMENT,
  `title` varchar(255) NOT NULL,
  `game_id` int NOT NULL,
  `src` text NOT NULL,
  PRIMARY KEY (`id`),
  KEY `fk_song_videogames_id` (`game_id`)
) ENGINE=MyISAM AUTO_INCREMENT=410 DEFAULT CHARSET=utf8mb4 COLLATE=utf8mb4_0900_ai_ci;

--
-- Déchargement des données de la table `songs`
--

INSERT INTO `songs` (`id`, `title`, `game_id`, `src`) VALUES
(1, 'Anxiety.mp3', 1, 'music_mp3/Celeste/Anxiety.mp3'),
(2, 'Awake.mp3', 1, 'music_mp3/Celeste/Awake.mp3'),
(3, 'Checking In.mp3', 1, 'music_mp3/Celeste/Checking In.mp3'),
(4, 'Confronting Myself.mp3', 1, 'music_mp3/Celeste/Confronting Myself.mp3'),
(5, 'Exhale.mp3', 1, 'music_mp3/Celeste/Exhale.mp3'),
(6, 'First Steps.mp3', 1, 'music_mp3/Celeste/First Steps.mp3'),
(7, 'Golden.mp3', 1, 'music_mp3/Celeste/Golden.mp3'),
(8, 'Heart of the Mountain.mp3', 1, 'music_mp3/Celeste/Heart of the Mountain.mp3'),
(9, 'In the Mirror.mp3', 1, 'music_mp3/Celeste/In the Mirror.mp3'),
(10, 'Little Goth.mp3', 1, 'music_mp3/Celeste/Little Goth.mp3'),
(11, 'Madeline and Theo.mp3', 1, 'music_mp3/Celeste/Madeline and Theo.mp3'),
(12, 'My Dearest Friends.mp3', 1, 'music_mp3/Celeste/My Dearest Friends.mp3'),
(13, 'Postcard from Celeste Mountain.mp3', 1, 'music_mp3/Celeste/Postcard from Celeste Mountain.mp3'),
(14, 'Prologue.mp3', 1, 'music_mp3/Celeste/Prologue.mp3'),
(15, 'Quiet and Falling.mp3', 1, 'music_mp3/Celeste/Quiet and Falling.mp3'),
(16, 'Reach for the Summit.mp3', 1, 'music_mp3/Celeste/Reach for the Summit.mp3'),
(17, 'Reflection.mp3', 1, 'music_mp3/Celeste/Reflection.mp3'),
(18, 'Resurrections.mp3', 1, 'music_mp3/Celeste/Resurrections.mp3'),
(19, 'Scattered and Lost.mp3', 1, 'music_mp3/Celeste/Scattered and Lost.mp3'),
(20, 'Spirit of Hospitality.mp3', 1, 'music_mp3/Celeste/Spirit of Hospitality.mp3'),
(21, 'Starjump.mp3', 1, 'music_mp3/Celeste/Starjump.mp3'),
(22, 'Renoir .mp3', 2, 'music_mp3/Clair Obscur - Expedition 33/Renoir .mp3'),
(23, 'Une vie à peindre .mp3', 2, 'music_mp3/Clair Obscur - Expedition 33/Une vie à peindre .mp3'),
(24, 'Alicia.mp3', 2, 'music_mp3/Clair Obscur - Expedition 33/Alicia.mp3'),
(25, 'Clair-Obscur .mp3', 2, 'music_mp3/Clair Obscur - Expedition 33/Clair-Obscur .mp3'),
(26, 'For Those Who Come After .mp3', 2, 'music_mp3/Clair Obscur - Expedition 33/For Those Who Come After .mp3'),
(27, 'Gustave .mp3', 2, 'music_mp3/Clair Obscur - Expedition 33/Gustave .mp3'),
(28, 'In Lumiere\'s Name .mp3', 2, 'music_mp3/Clair Obscur - Expedition 33/In Lumiere\'s Name .mp3'),
(29, 'Monoco .mp3', 2, 'music_mp3/Clair Obscur - Expedition 33/Monoco .mp3'),
(30, 'Nocturne pour Lumiere .mp3', 2, 'music_mp3/Clair Obscur - Expedition 33/Nocturne pour Lumiere .mp3'),
(31, 'Nos vies en Lumière.mp3', 2, 'music_mp3/Clair Obscur - Expedition 33/Nos vies en Lumière.mp3'),
(32, 'Our Drafts Unite  - Cast Reveal Edition.mp3', 2, 'music_mp3/Clair Obscur - Expedition 33/Our Drafts Unite  - Cast Reveal Edition.mp3'),
(33, 'Shadow of the Monolith  Cast Reveal Trailer Music.mp3', 2, 'music_mp3/Clair Obscur - Expedition 33/Shadow of the Monolith  Cast Reveal Trailer Music.mp3'),
(34, 'We are Expedition 33  - Reveal Trailer Music.mp3', 2, 'music_mp3/Clair Obscur - Expedition 33/We are Expedition 33  - Reveal Trailer Music.mp3'),
(35, 'Bonebottom .mp3', 3, 'music_mp3/Hollow Knight/Bonebottom .mp3'),
(36, 'Broken Vessel .mp3', 3, 'music_mp3/Hollow Knight/Broken Vessel .mp3'),
(37, 'City of Fears.mp3', 3, 'music_mp3/Hollow Knight/City of Fears.mp3'),
(38, 'Crossroads .mp3', 3, 'music_mp3/Hollow Knight/Crossroads .mp3'),
(39, 'Crystal Peak .mp3', 3, 'music_mp3/Hollow Knight/Crystal Peak .mp3'),
(40, 'Daughter of Hallownest .mp3', 3, 'music_mp3/Hollow Knight/Daughter of Hallownest .mp3'),
(41, 'Decisive Battle .mp3', 3, 'music_mp3/Hollow Knight/Decisive Battle .mp3'),
(42, 'Dirtmouth .mp3', 3, 'music_mp3/Hollow Knight/Dirtmouth .mp3'),
(43, 'Dream .mp3', 3, 'music_mp3/Hollow Knight/Dream .mp3'),
(44, 'Dream Battle .mp3', 3, 'music_mp3/Hollow Knight/Dream Battle .mp3'),
(45, 'Dreamers .mp3', 3, 'music_mp3/Hollow Knight/Dreamers .mp3'),
(46, 'Dung Defender .mp3', 3, 'music_mp3/Hollow Knight/Dung Defender .mp3'),
(47, 'Enter Hallownest .mp3', 3, 'music_mp3/Hollow Knight/Enter Hallownest .mp3'),
(48, 'False Knight .mp3', 3, 'music_mp3/Hollow Knight/False Knight .mp3'),
(49, 'Fungal Wastes .mp3', 3, 'music_mp3/Hollow Knight/Fungal Wastes .mp3'),
(50, 'Furious Gods .mp3', 3, 'music_mp3/Hollow Knight/Furious Gods .mp3'),
(51, 'Godhome .mp3', 3, 'music_mp3/Hollow Knight/Godhome .mp3'),
(52, 'Gods & Glory .mp3', 3, 'music_mp3/Hollow Knight/Gods & Glory .mp3'),
(53, 'Greenpath .mp3', 3, 'music_mp3/Hollow Knight/Greenpath .mp3'),
(54, 'Grimm (Hollow Knight： The Grimm Troupe) .mp3', 3, 'music_mp3/Hollow Knight/Grimm (Hollow Knight： The Grimm Troupe) .mp3'),
(55, 'Haunted Foes .mp3', 3, 'music_mp3/Hollow Knight/Haunted Foes .mp3'),
(56, 'Hive Knight .mp3', 3, 'music_mp3/Hollow Knight/Hive Knight .mp3'),
(57, 'Hollow Knight .mp3', 3, 'music_mp3/Hollow Knight/Hollow Knight .mp3'),
(58, 'Hornet .mp3', 3, 'music_mp3/Hollow Knight/Hornet .mp3'),
(59, 'Kingdom\'s Edge .mp3', 3, 'music_mp3/Hollow Knight/Kingdom\'s Edge .mp3'),
(60, 'Lace (Silksong OST Sample) .mp3', 3, 'music_mp3/Hollow Knight/Lace (Silksong OST Sample) .mp3'),
(61, 'Mantis Lords .mp3', 3, 'music_mp3/Hollow Knight/Mantis Lords .mp3'),
(62, 'Nightmare King (Hollow Knight： The Grimm Troupe) .mp3', 3, 'music_mp3/Hollow Knight/Nightmare King (Hollow Knight： The Grimm Troupe) .mp3'),
(63, 'Nightmare King .mp3', 3, 'music_mp3/Hollow Knight/Nightmare King .mp3'),
(64, 'Nightmare Lantern Interlude .mp3', 3, 'music_mp3/Hollow Knight/Nightmare Lantern Interlude .mp3'),
(65, 'Nosk .mp3', 3, 'music_mp3/Hollow Knight/Nosk .mp3'),
(66, 'Pale Court .mp3', 3, 'music_mp3/Hollow Knight/Pale Court .mp3'),
(67, 'Pure Vessel .mp3', 3, 'music_mp3/Hollow Knight/Pure Vessel .mp3'),
(68, 'Queen\'s Gardens .mp3', 3, 'music_mp3/Hollow Knight/Queen\'s Gardens .mp3'),
(69, 'Radiance .mp3', 3, 'music_mp3/Hollow Knight/Radiance .mp3'),
(70, 'Reflection .mp3', 3, 'music_mp3/Hollow Knight/Reflection .mp3'),
(71, 'Resting Grounds .mp3', 3, 'music_mp3/Hollow Knight/Resting Grounds .mp3'),
(72, 'Sealed Vessel .mp3', 3, 'music_mp3/Hollow Knight/Sealed Vessel .mp3'),
(73, 'Sisters of Battle .mp3', 3, 'music_mp3/Hollow Knight/Sisters of Battle .mp3'),
(74, 'Soul Sanctum .mp3', 3, 'music_mp3/Hollow Knight/Soul Sanctum .mp3'),
(75, 'The Grimm Troupe .mp3', 3, 'music_mp3/Hollow Knight/The Grimm Troupe .mp3'),
(76, 'The White Lady .mp3', 3, 'music_mp3/Hollow Knight/The White Lady .mp3'),
(77, 'Truth, Beauty and Hatred (Hollow Knight： Hidden Dreams) .mp3', 3, 'music_mp3/Hollow Knight/Truth, Beauty and Hatred (Hollow Knight： Hidden Dreams) .mp3'),
(78, 'Truth, Beauty and Hatred .mp3', 3, 'music_mp3/Hollow Knight/Truth, Beauty and Hatred .mp3'),
(79, 'White Defender (Hollow Knight： Hidden Dreams) .mp3', 3, 'music_mp3/Hollow Knight/White Defender (Hollow Knight： Hidden Dreams) .mp3'),
(80, 'White Defender .mp3', 3, 'music_mp3/Hollow Knight/White Defender .mp3'),
(81, 'White Palace .mp3', 3, 'music_mp3/Hollow Knight/White Palace .mp3'),
(82, 'A Lonely Throne.mp3', 4, 'music_mp3/Kingdom - Two Crowns/A Lonely Throne.mp3'),
(83, 'A Simple Question.mp3', 4, 'music_mp3/Kingdom - Two Crowns/A Simple Question.mp3'),
(84, 'A Tired Ghost.mp3', 4, 'music_mp3/Kingdom - Two Crowns/A Tired Ghost.mp3'),
(85, 'After the Rain.mp3', 4, 'music_mp3/Kingdom - Two Crowns/After the Rain.mp3'),
(86, 'Alms.mp3', 4, 'music_mp3/Kingdom - Two Crowns/Alms.mp3'),
(87, 'Ashen Crown.mp3', 4, 'music_mp3/Kingdom - Two Crowns/Ashen Crown.mp3'),
(88, 'Basilisk.mp3', 4, 'music_mp3/Kingdom - Two Crowns/Basilisk.mp3'),
(89, 'Beneath Fo.mp3', 4, 'music_mp3/Kingdom - Two Crowns/Beneath Fo.mp3'),
(90, 'Blood Moon.mp3', 4, 'music_mp3/Kingdom - Two Crowns/Blood Moon.mp3'),
(91, 'Book of Hours.mp3', 4, 'music_mp3/Kingdom - Two Crowns/Book of Hours.mp3'),
(92, 'Bushi.mp3', 4, 'music_mp3/Kingdom - Two Crowns/Bushi.mp3'),
(93, 'Circle of Sparrows.mp3', 4, 'music_mp3/Kingdom - Two Crowns/Circle of Sparrows.mp3'),
(94, 'Driftwood.mp3', 4, 'music_mp3/Kingdom - Two Crowns/Driftwood.mp3'),
(95, 'Equinox.mp3', 4, 'music_mp3/Kingdom - Two Crowns/Equinox.mp3'),
(96, 'Familiar Light.mp3', 4, 'music_mp3/Kingdom - Two Crowns/Familiar Light.mp3'),
(97, 'Griffin.mp3', 4, 'music_mp3/Kingdom - Two Crowns/Griffin.mp3'),
(98, 'Hearth.mp3', 4, 'music_mp3/Kingdom - Two Crowns/Hearth.mp3'),
(99, 'Into the Green Vale.mp3', 4, 'music_mp3/Kingdom - Two Crowns/Into the Green Vale.mp3'),
(100, 'Kami of the Dust.mp3', 4, 'music_mp3/Kingdom - Two Crowns/Kami of the Dust.mp3'),
(101, 'Kodama Sunset.mp3', 4, 'music_mp3/Kingdom - Two Crowns/Kodama Sunset.mp3'),
(102, 'Kojin.mp3', 4, 'music_mp3/Kingdom - Two Crowns/Kojin.mp3'),
(103, 'Lost but Warm.mp3', 4, 'music_mp3/Kingdom - Two Crowns/Lost but Warm.mp3'),
(104, 'Memory Cloud.mp3', 4, 'music_mp3/Kingdom - Two Crowns/Memory Cloud.mp3'),
(105, 'Mercury.mp3', 4, 'music_mp3/Kingdom - Two Crowns/Mercury.mp3'),
(106, 'Mischievous Alchemy.mp3', 4, 'music_mp3/Kingdom - Two Crowns/Mischievous Alchemy.mp3'),
(107, 'Morning Flight.mp3', 4, 'music_mp3/Kingdom - Two Crowns/Morning Flight.mp3'),
(108, 'Parting Ways.mp3', 4, 'music_mp3/Kingdom - Two Crowns/Parting Ways.mp3'),
(109, 'Perseus.mp3', 4, 'music_mp3/Kingdom - Two Crowns/Perseus.mp3'),
(110, 'Setting O.mp3', 4, 'music_mp3/Kingdom - Two Crowns/Setting O.mp3'),
(111, 'Skipping Stone.mp3', 4, 'music_mp3/Kingdom - Two Crowns/Skipping Stone.mp3'),
(112, 'Solstice.mp3', 4, 'music_mp3/Kingdom - Two Crowns/Solstice.mp3'),
(113, 'Sun Chalice.mp3', 4, 'music_mp3/Kingdom - Two Crowns/Sun Chalice.mp3'),
(114, 'The Blue Arche.mp3', 4, 'music_mp3/Kingdom - Two Crowns/The Blue Arche.mp3'),
(115, 'The Grey Orchard.mp3', 4, 'music_mp3/Kingdom - Two Crowns/The Grey Orchard.mp3'),
(116, 'The Hermit.mp3', 4, 'music_mp3/Kingdom - Two Crowns/The Hermit.mp3'),
(117, 'The Last Color of Land.mp3', 4, 'music_mp3/Kingdom - Two Crowns/The Last Color of Land.mp3'),
(118, 'Tomorrow\'s Island.mp3', 4, 'music_mp3/Kingdom - Two Crowns/Tomorrow\'s Island.mp3'),
(119, 'Vellum.mp3', 4, 'music_mp3/Kingdom - Two Crowns/Vellum.mp3'),
(120, 'Winter Funeral.mp3', 4, 'music_mp3/Kingdom - Two Crowns/Winter Funeral.mp3'),
(121, 'Zephyr.mp3', 4, 'music_mp3/Kingdom - Two Crowns/Zephyr.mp3'),
(122, '14.3 Billion Years (Credits) .mp3', 5, 'music_mp3/Outer Wilds/14.3 Billion Years (Credits) .mp3'),
(123, '22 Minutes .mp3', 5, 'music_mp3/Outer Wilds/22 Minutes .mp3'),
(124, 'A Terrible Fate .mp3', 5, 'music_mp3/Outer Wilds/A Terrible Fate .mp3'),
(125, 'Arrow of Time .mp3', 5, 'music_mp3/Outer Wilds/Arrow of Time .mp3'),
(126, 'Campfire Song .mp3', 5, 'music_mp3/Outer Wilds/Campfire Song .mp3'),
(127, 'Castaways .mp3', 5, 'music_mp3/Outer Wilds/Castaways .mp3'),
(128, 'Curiosity .mp3', 5, 'music_mp3/Outer Wilds/Curiosity .mp3'),
(129, 'Dark Bramble .mp3', 5, 'music_mp3/Outer Wilds/Dark Bramble .mp3'),
(130, 'End Times .mp3', 5, 'music_mp3/Outer Wilds/End Times .mp3'),
(131, 'Final Voyage .mp3', 5, 'music_mp3/Outer Wilds/Final Voyage .mp3'),
(132, 'Giant\'s Deep .mp3', 5, 'music_mp3/Outer Wilds/Giant\'s Deep .mp3'),
(133, 'Into the Wilds .mp3', 5, 'music_mp3/Outer Wilds/Into the Wilds .mp3'),
(134, 'Let There Be Light .mp3', 5, 'music_mp3/Outer Wilds/Let There Be Light .mp3'),
(135, 'Main Title .mp3', 5, 'music_mp3/Outer Wilds/Main Title .mp3'),
(136, 'Morning .mp3', 5, 'music_mp3/Outer Wilds/Morning .mp3'),
(137, 'Nomai Ruins .mp3', 5, 'music_mp3/Outer Wilds/Nomai Ruins .mp3'),
(138, 'Space .mp3', 5, 'music_mp3/Outer Wilds/Space .mp3'),
(139, 'The Ancient Glade .mp3', 5, 'music_mp3/Outer Wilds/The Ancient Glade .mp3'),
(140, 'The Ash Twin Project .mp3', 5, 'music_mp3/Outer Wilds/The Ash Twin Project .mp3'),
(141, 'The Nomai .mp3', 5, 'music_mp3/Outer Wilds/The Nomai .mp3'),
(142, 'The Search .mp3', 5, 'music_mp3/Outer Wilds/The Search .mp3'),
(143, 'The Sun Station .mp3', 5, 'music_mp3/Outer Wilds/The Sun Station .mp3'),
(144, 'The Uncertainty Principle .mp3', 5, 'music_mp3/Outer Wilds/The Uncertainty Principle .mp3'),
(145, 'Travelers .mp3', 5, 'music_mp3/Outer Wilds/Travelers .mp3'),
(146, 'We Have Liftoff .mp3', 5, 'music_mp3/Outer Wilds/We Have Liftoff .mp3'),
(147, 'Outer Wilds .mp3', 5, 'music_mp3/Outer Wilds/Outer Wilds .mp3'),
(148, 'The Museum .mp3', 5, 'music_mp3/Outer Wilds/The Museum .mp3'),
(149, 'Timber Hearth .mp3', 5, 'music_mp3/Outer Wilds/Timber Hearth .mp3'),
(150, 'A Dark Corner Of The Past .mp3', 6, 'music_mp3/Stardew Valley/A Dark Corner Of The Past .mp3'),
(151, 'A Glimpse Of The Other World (Wizard\'s Theme) .mp3', 6, 'music_mp3/Stardew Valley/A Glimpse Of The Other World (Wizard\'s Theme) .mp3'),
(152, 'A Golden Star Is Born .mp3', 6, 'music_mp3/Stardew Valley/A Golden Star Is Born .mp3'),
(153, 'A Sad Story (Alex\'s Theme) .mp3', 6, 'music_mp3/Stardew Valley/A Sad Story (Alex\'s Theme) .mp3'),
(154, 'A Stillness In The Rain (Abigail\'s Melody) .mp3', 6, 'music_mp3/Stardew Valley/A Stillness In The Rain (Abigail\'s Melody) .mp3'),
(155, 'Alex\'s Keepsake .mp3', 6, 'music_mp3/Stardew Valley/Alex\'s Keepsake .mp3'),
(156, 'Band Practice .mp3', 6, 'music_mp3/Stardew Valley/Band Practice .mp3'),
(157, 'Buttercup Melody .mp3', 6, 'music_mp3/Stardew Valley/Buttercup Melody .mp3'),
(158, 'Calico Desert .mp3', 6, 'music_mp3/Stardew Valley/Calico Desert .mp3'),
(159, 'Cloud Country .mp3', 6, 'music_mp3/Stardew Valley/Cloud Country .mp3'),
(160, 'Country Shop .mp3', 6, 'music_mp3/Stardew Valley/Country Shop .mp3'),
(161, 'Dance Of The Moonlight Jellies .mp3', 6, 'music_mp3/Stardew Valley/Dance Of The Moonlight Jellies .mp3'),
(162, 'Distant Banjo .mp3', 6, 'music_mp3/Stardew Valley/Distant Banjo .mp3'),
(163, 'Echos (Sebastian\'s Theme) .mp3', 6, 'music_mp3/Stardew Valley/Echos (Sebastian\'s Theme) .mp3'),
(164, 'Fall (Ghost Synth) .mp3', 6, 'music_mp3/Stardew Valley/Fall (Ghost Synth) .mp3'),
(165, 'Fall (Raven\'s Descent) .mp3', 6, 'music_mp3/Stardew Valley/Fall (Raven\'s Descent) .mp3'),
(166, 'Fall (The Smell of Mushroom) .mp3', 6, 'music_mp3/Stardew Valley/Fall (The Smell of Mushroom) .mp3'),
(167, 'Festival Game .mp3', 6, 'music_mp3/Stardew Valley/Festival Game .mp3'),
(168, 'Flower Dance .mp3', 6, 'music_mp3/Stardew Valley/Flower Dance .mp3'),
(169, 'Fun Festival .mp3', 6, 'music_mp3/Stardew Valley/Fun Festival .mp3'),
(170, 'Grandpa\'s Theme .mp3', 6, 'music_mp3/Stardew Valley/Grandpa\'s Theme .mp3'),
(171, 'Grapefruit Sky (Dr. Harvey\'s Theme) .mp3', 6, 'music_mp3/Stardew Valley/Grapefruit Sky (Dr. Harvey\'s Theme) .mp3'),
(172, 'In The Deep Woods .mp3', 6, 'music_mp3/Stardew Valley/In The Deep Woods .mp3'),
(173, 'Jaunty .mp3', 6, 'music_mp3/Stardew Valley/Jaunty .mp3'),
(174, 'Journey Of The Prairie King - Final Boss & Ending .mp3', 6, 'music_mp3/Stardew Valley/Journey Of The Prairie King - Final Boss & Ending .mp3'),
(175, 'Journey Of The Prairie King - Overworld .mp3', 6, 'music_mp3/Stardew Valley/Journey Of The Prairie King - Overworld .mp3'),
(176, 'Journey Of The Prairie King - The Outlaw .mp3', 6, 'music_mp3/Stardew Valley/Journey Of The Prairie King - The Outlaw .mp3'),
(177, 'Land Of Green And Gold (Leah\'s Theme) .mp3', 6, 'music_mp3/Stardew Valley/Land Of Green And Gold (Leah\'s Theme) .mp3'),
(178, 'Load Game .mp3', 6, 'music_mp3/Stardew Valley/Load Game .mp3'),
(179, 'Luau Festival .mp3', 6, 'music_mp3/Stardew Valley/Luau Festival .mp3'),
(180, 'Mines (A Flicker In the Deep) .mp3', 6, 'music_mp3/Stardew Valley/Mines (A Flicker In the Deep) .mp3'),
(181, 'Mines (Cloth) .mp3', 6, 'music_mp3/Stardew Valley/Mines (Cloth) .mp3'),
(182, 'Mines (Crystal Bells) .mp3', 6, 'music_mp3/Stardew Valley/Mines (Crystal Bells) .mp3'),
(183, 'Mines (Danger!) .mp3', 6, 'music_mp3/Stardew Valley/Mines (Danger!) .mp3'),
(184, 'Mines (Icicles) .mp3', 6, 'music_mp3/Stardew Valley/Mines (Icicles) .mp3'),
(185, 'Mines (Magical Shoes) .mp3', 6, 'music_mp3/Stardew Valley/Mines (Magical Shoes) .mp3'),
(186, 'Mines (Marimba Of Frozen Bone) .mp3', 6, 'music_mp3/Stardew Valley/Mines (Marimba Of Frozen Bone) .mp3'),
(187, 'Mines (Star Lumpy) .mp3', 6, 'music_mp3/Stardew Valley/Mines (Star Lumpy) .mp3'),
(188, 'Mines (The Lava Dwellers) .mp3', 6, 'music_mp3/Stardew Valley/Mines (The Lava Dwellers) .mp3'),
(189, 'Mines (Visitor To The Unknown) .mp3', 6, 'music_mp3/Stardew Valley/Mines (Visitor To The Unknown) .mp3'),
(190, 'Music Box Song .mp3', 6, 'music_mp3/Stardew Valley/Music Box Song .mp3'),
(191, 'Pelican Town .mp3', 6, 'music_mp3/Stardew Valley/Pelican Town .mp3'),
(192, 'Piano Solo (Elliot\'s Theme) .mp3', 6, 'music_mp3/Stardew Valley/Piano Solo (Elliot\'s Theme) .mp3'),
(193, 'Pickle Jar Rag (Haley\'s Theme) .mp3', 6, 'music_mp3/Stardew Valley/Pickle Jar Rag (Haley\'s Theme) .mp3'),
(194, 'Playful .mp3', 6, 'music_mp3/Stardew Valley/Playful .mp3'),
(195, 'Pleasant Memory (Penny\'s Theme) .mp3', 6, 'music_mp3/Stardew Valley/Pleasant Memory (Penny\'s Theme) .mp3'),
(196, 'Sam\'s Band (Bluegrass) .mp3', 6, 'music_mp3/Stardew Valley/Sam\'s Band (Bluegrass) .mp3'),
(197, 'Sam\'s Band (Electronic) .mp3', 6, 'music_mp3/Stardew Valley/Sam\'s Band (Electronic) .mp3'),
(198, 'Sam\'s Band (Heavy) .mp3', 6, 'music_mp3/Stardew Valley/Sam\'s Band (Heavy) .mp3'),
(199, 'Sam\'s Band (Pop) .mp3', 6, 'music_mp3/Stardew Valley/Sam\'s Band (Pop) .mp3'),
(200, 'Settling In .mp3', 6, 'music_mp3/Stardew Valley/Settling In .mp3'),
(201, 'Spirit\'s Eve Festival .mp3', 6, 'music_mp3/Stardew Valley/Spirit\'s Eve Festival .mp3'),
(202, 'Spring (It\'s a Big World Outside) .mp3', 6, 'music_mp3/Stardew Valley/Spring (It\'s a Big World Outside) .mp3'),
(203, 'Spring (The Valley Comes Alive) .mp3', 6, 'music_mp3/Stardew Valley/Spring (The Valley Comes Alive) .mp3'),
(204, 'Spring (Wild Horseradish Jam) .mp3', 6, 'music_mp3/Stardew Valley/Spring (Wild Horseradish Jam) .mp3'),
(205, 'Stardew Valley Fair Theme .mp3', 6, 'music_mp3/Stardew Valley/Stardew Valley Fair Theme .mp3'),
(206, 'Stardew Valley Overture .mp3', 6, 'music_mp3/Stardew Valley/Stardew Valley Overture .mp3'),
(207, 'Starwatcher (Maru\'s Theme) .mp3', 6, 'music_mp3/Stardew Valley/Starwatcher (Maru\'s Theme) .mp3'),
(208, 'Summer (Nature\'s Crescendo) .mp3', 6, 'music_mp3/Stardew Valley/Summer (Nature\'s Crescendo) .mp3'),
(209, 'Summer (The Sun Can Bend An Orange Sky) .mp3', 6, 'music_mp3/Stardew Valley/Summer (The Sun Can Bend An Orange Sky) .mp3'),
(210, 'Summer (Tropicala) .mp3', 6, 'music_mp3/Stardew Valley/Summer (Tropicala) .mp3'),
(211, 'The Adventure Guild .mp3', 6, 'music_mp3/Stardew Valley/The Adventure Guild .mp3'),
(212, 'The Library and Museum .mp3', 6, 'music_mp3/Stardew Valley/The Library and Museum .mp3'),
(213, 'The Stardrop Saloon .mp3', 6, 'music_mp3/Stardew Valley/The Stardrop Saloon .mp3'),
(214, 'Violin Solo .mp3', 6, 'music_mp3/Stardew Valley/Violin Solo .mp3'),
(215, 'Wedding Celebration .mp3', 6, 'music_mp3/Stardew Valley/Wedding Celebration .mp3'),
(216, 'Winter (Ancient) .mp3', 6, 'music_mp3/Stardew Valley/Winter (Ancient) .mp3'),
(217, 'Winter (Nocturne of Ice) .mp3', 6, 'music_mp3/Stardew Valley/Winter (Nocturne of Ice) .mp3'),
(218, 'Winter Festival .mp3', 6, 'music_mp3/Stardew Valley/Winter Festival .mp3'),
(219, 'A Chance Meeting .mp3', 7, 'music_mp3/TES V Skyrim/A Chance Meeting .mp3'),
(220, 'A Winter\'s Tale .mp3', 7, 'music_mp3/TES V Skyrim/A Winter\'s Tale .mp3'),
(221, 'Ancient Stones .mp3', 7, 'music_mp3/TES V Skyrim/Ancient Stones .mp3'),
(222, 'Around the Fire .mp3', 7, 'music_mp3/TES V Skyrim/Around the Fire .mp3'),
(223, 'Aurora .mp3', 7, 'music_mp3/TES V Skyrim/Aurora .mp3'),
(224, 'Awake .mp3', 7, 'music_mp3/TES V Skyrim/Awake .mp3'),
(225, 'Before the Storm .mp3', 7, 'music_mp3/TES V Skyrim/Before the Storm .mp3'),
(226, 'Beneath the Ice .mp3', 7, 'music_mp3/TES V Skyrim/Beneath the Ice .mp3'),
(227, 'Blood and Steel .mp3', 7, 'music_mp3/TES V Skyrim/Blood and Steel .mp3'),
(228, 'Caught off Guard .mp3', 7, 'music_mp3/TES V Skyrim/Caught off Guard .mp3'),
(229, 'Dawn .mp3', 7, 'music_mp3/TES V Skyrim/Dawn .mp3'),
(230, 'Death in the Darkness .mp3', 7, 'music_mp3/TES V Skyrim/Death in the Darkness .mp3'),
(231, 'Death or Sovngarde .mp3', 7, 'music_mp3/TES V Skyrim/Death or Sovngarde .mp3'),
(232, 'Distant Horizons .mp3', 7, 'music_mp3/TES V Skyrim/Distant Horizons .mp3'),
(233, 'Dragonborn (Theme) .mp3', 7, 'music_mp3/TES V Skyrim/Dragonborn (Theme) .mp3'),
(234, 'Dragonsreach .mp3', 7, 'music_mp3/TES V Skyrim/Dragonsreach .mp3'),
(235, 'Far Horizons .mp3', 7, 'music_mp3/TES V Skyrim/Far Horizons .mp3'),
(236, 'From Past to Present .mp3', 7, 'music_mp3/TES V Skyrim/From Past to Present .mp3'),
(237, 'Frostfall .mp3', 7, 'music_mp3/TES V Skyrim/Frostfall .mp3'),
(238, 'Imperial Throne .mp3', 7, 'music_mp3/TES V Skyrim/Imperial Throne .mp3'),
(239, 'Into Darkness .mp3', 7, 'music_mp3/TES V Skyrim/Into Darkness .mp3'),
(240, 'Journey\'s End .mp3', 7, 'music_mp3/TES V Skyrim/Journey\'s End .mp3'),
(241, 'Kyne\'s Peace .mp3', 7, 'music_mp3/TES V Skyrim/Kyne\'s Peace .mp3'),
(242, 'Masser .mp3', 7, 'music_mp3/TES V Skyrim/Masser .mp3'),
(243, 'Night without Stars .mp3', 7, 'music_mp3/TES V Skyrim/Night without Stars .mp3'),
(244, 'One They Fear .mp3', 7, 'music_mp3/TES V Skyrim/One They Fear .mp3'),
(245, 'Out of the Cold .mp3', 7, 'music_mp3/TES V Skyrim/Out of the Cold .mp3'),
(246, 'Secunda .mp3', 7, 'music_mp3/TES V Skyrim/Secunda .mp3'),
(247, 'Seven Thousand Steps .mp3', 7, 'music_mp3/TES V Skyrim/Seven Thousand Steps .mp3'),
(248, 'Shadows and Echoes .mp3', 7, 'music_mp3/TES V Skyrim/Shadows and Echoes .mp3'),
(249, 'Shattered Shields .mp3', 7, 'music_mp3/TES V Skyrim/Shattered Shields .mp3'),
(250, 'Silence Unbroken .mp3', 7, 'music_mp3/TES V Skyrim/Silence Unbroken .mp3'),
(251, 'Silent Footsteps .mp3', 7, 'music_mp3/TES V Skyrim/Silent Footsteps .mp3'),
(252, 'Sky Above, Voice Within .mp3', 7, 'music_mp3/TES V Skyrim/Sky Above, Voice Within .mp3'),
(253, 'Solitude .mp3', 7, 'music_mp3/TES V Skyrim/Solitude .mp3'),
(254, 'Sovngarde .mp3', 7, 'music_mp3/TES V Skyrim/Sovngarde .mp3'),
(255, 'Standing Stones .mp3', 7, 'music_mp3/TES V Skyrim/Standing Stones .mp3'),
(256, 'Steel on Steel .mp3', 7, 'music_mp3/TES V Skyrim/Steel on Steel .mp3'),
(257, 'The Bannered Mare .mp3', 7, 'music_mp3/TES V Skyrim/The Bannered Mare .mp3'),
(258, 'The City Gates .mp3', 7, 'music_mp3/TES V Skyrim/The City Gates .mp3'),
(259, 'The Gathering Storm .mp3', 7, 'music_mp3/TES V Skyrim/The Gathering Storm .mp3'),
(260, 'The Jerall Mountains .mp3', 7, 'music_mp3/TES V Skyrim/The Jerall Mountains .mp3'),
(261, 'The Streets of Whiterun .mp3', 7, 'music_mp3/TES V Skyrim/The Streets of Whiterun .mp3'),
(262, 'The White River .mp3', 7, 'music_mp3/TES V Skyrim/The White River .mp3'),
(263, 'Tooth and Claw .mp3', 7, 'music_mp3/TES V Skyrim/Tooth and Claw .mp3'),
(264, 'Towers and Shadows .mp3', 7, 'music_mp3/TES V Skyrim/Towers and Shadows .mp3'),
(265, 'Tundra .mp3', 7, 'music_mp3/TES V Skyrim/Tundra .mp3'),
(266, 'Unbound .mp3', 7, 'music_mp3/TES V Skyrim/Unbound .mp3'),
(267, 'Unbroken Road .mp3', 7, 'music_mp3/TES V Skyrim/Unbroken Road .mp3'),
(268, 'Under an Ancient Sun .mp3', 7, 'music_mp3/TES V Skyrim/Under an Ancient Sun .mp3'),
(269, 'Watch the Skies .mp3', 7, 'music_mp3/TES V Skyrim/Watch the Skies .mp3'),
(270, 'Wind Guide You .mp3', 7, 'music_mp3/TES V Skyrim/Wind Guide You .mp3'),
(271, 'A Call to Arms .mp3', 8, 'music_mp3/World of Warcraft/A Call to Arms .mp3'),
(272, 'Burning Steppes .mp3', 8, 'music_mp3/World of Warcraft/Burning Steppes .mp3'),
(273, 'Darnassus .mp3', 8, 'music_mp3/World of Warcraft/Darnassus .mp3'),
(274, 'Dun Morogh .mp3', 8, 'music_mp3/World of Warcraft/Dun Morogh .mp3'),
(275, 'Duskwood .mp3', 8, 'music_mp3/World of Warcraft/Duskwood .mp3'),
(276, 'Echoes of the Past .mp3', 8, 'music_mp3/World of Warcraft/Echoes of the Past .mp3'),
(277, 'Elwynn Forest .mp3', 8, 'music_mp3/World of Warcraft/Elwynn Forest .mp3'),
(278, 'Felwood .mp3', 8, 'music_mp3/World of Warcraft/Felwood .mp3'),
(279, 'Graveyard .mp3', 8, 'music_mp3/World of Warcraft/Graveyard .mp3'),
(280, 'Ironforge .mp3', 8, 'music_mp3/World of Warcraft/Ironforge .mp3'),
(281, 'Legacy .mp3', 8, 'music_mp3/World of Warcraft/Legacy .mp3'),
(282, 'Legends of Azeroth .mp3', 8, 'music_mp3/World of Warcraft/Legends of Azeroth .mp3'),
(283, 'Lurking .mp3', 8, 'music_mp3/World of Warcraft/Lurking .mp3'),
(284, 'Moonfall .mp3', 8, 'music_mp3/World of Warcraft/Moonfall .mp3'),
(285, 'Orgrimmar .mp3', 8, 'music_mp3/World of Warcraft/Orgrimmar .mp3'),
(286, 'Ruins .mp3', 8, 'music_mp3/World of Warcraft/Ruins .mp3'),
(287, 'Sacred .mp3', 8, 'music_mp3/World of Warcraft/Sacred .mp3'),
(288, 'Seasons of War .mp3', 8, 'music_mp3/World of Warcraft/Seasons of War .mp3'),
(289, 'Shimmering Flats .mp3', 8, 'music_mp3/World of Warcraft/Shimmering Flats .mp3'),
(290, 'Song of Elune .mp3', 8, 'music_mp3/World of Warcraft/Song of Elune .mp3'),
(291, 'Stormwind .mp3', 8, 'music_mp3/World of Warcraft/Stormwind .mp3'),
(292, 'Stranglethorn Vale .mp3', 8, 'music_mp3/World of Warcraft/Stranglethorn Vale .mp3'),
(293, 'Tanaris .mp3', 8, 'music_mp3/World of Warcraft/Tanaris .mp3'),
(294, 'Tavern .mp3', 8, 'music_mp3/World of Warcraft/Tavern .mp3'),
(295, 'Teldrassil .mp3', 8, 'music_mp3/World of Warcraft/Teldrassil .mp3'),
(296, 'Temple .mp3', 8, 'music_mp3/World of Warcraft/Temple .mp3'),
(297, 'The Shaping of the World .mp3', 8, 'music_mp3/World of Warcraft/The Shaping of the World .mp3'),
(298, 'The Undercity .mp3', 8, 'music_mp3/World of Warcraft/The Undercity .mp3'),
(299, 'Thunder Bluff .mp3', 8, 'music_mp3/World of Warcraft/Thunder Bluff .mp3'),
(300, 'War .mp3', 8, 'music_mp3/World of Warcraft/War .mp3'),
(301, 'Aerith\'s Theme .mp3', 9, 'music_mp3/Final Fantasy/Aerith\'s Theme .mp3'),
(302, 'Attack of the Weapon .mp3', 9, 'music_mp3/Final Fantasy/Attack of the Weapon .mp3'),
(303, 'Barret\'s Theme .mp3', 9, 'music_mp3/Final Fantasy/Barret\'s Theme .mp3'),
(304, 'Birth of a God .mp3', 9, 'music_mp3/Final Fantasy/Birth of a God .mp3'),
(305, 'Buried in Snow .mp3', 9, 'music_mp3/Final Fantasy/Buried in Snow .mp3'),
(306, 'Cait Sith\'s Theme .mp3', 9, 'music_mp3/Final Fantasy/Cait Sith\'s Theme .mp3'),
(307, 'Cid\'s Theme .mp3', 9, 'music_mp3/Final Fantasy/Cid\'s Theme .mp3'),
(308, 'Cinco de Chocobo .mp3', 9, 'music_mp3/Final Fantasy/Cinco de Chocobo .mp3'),
(309, 'Continue .mp3', 9, 'music_mp3/Final Fantasy/Continue .mp3'),
(310, 'Cosmo Canyon .mp3', 9, 'music_mp3/Final Fantasy/Cosmo Canyon .mp3'),
(311, 'Costa del Sol .mp3', 9, 'music_mp3/Final Fantasy/Costa del Sol .mp3'),
(312, 'Costa del Sol [Symp.mp3', 9, 'music_mp3/Final Fantasy/Costa del Sol [Symp.mp3'),
(313, 'Countdown .mp3', 9, 'music_mp3/Final Fantasy/Countdown .mp3'),
(314, 'Crazy Motorcycle .mp3', 9, 'music_mp3/Final Fantasy/Crazy Motorcycle .mp3'),
(315, 'Dear to the Heart .mp3', 9, 'music_mp3/Final Fantasy/Dear to the Heart .mp3'),
(316, 'Debut .mp3', 9, 'music_mp3/Final Fantasy/Debut .mp3'),
(317, 'Descendant of Shinobi .mp3', 9, 'music_mp3/Final Fantasy/Descendant of Shinobi .mp3'),
(318, 'Desert Wasteland .mp3', 9, 'music_mp3/Final Fantasy/Desert Wasteland .mp3'),
(319, 'Don of the Slums .mp3', 9, 'music_mp3/Final Fantasy/Don of the Slums .mp3'),
(320, 'Electric de Chocobo .mp3', 9, 'music_mp3/Final Fantasy/Electric de Chocobo .mp3'),
(321, 'Fanfare .mp3', 9, 'music_mp3/Final Fantasy/Fanfare .mp3'),
(322, 'Farm Boy .mp3', 9, 'music_mp3/Final Fantasy/Farm Boy .mp3'),
(323, 'Fiddle de Chocobo .mp3', 9, 'music_mp3/Final Fantasy/Fiddle de Chocobo .mp3'),
(324, 'Fight On! .mp3', 9, 'music_mp3/Final Fantasy/Fight On! .mp3'),
(325, 'Flowers Blooming in the Church .mp3', 9, 'music_mp3/Final Fantasy/Flowers Blooming in the Church .mp3'),
(326, 'Forested Temple .mp3', 9, 'music_mp3/Final Fantasy/Forested Temple .mp3'),
(327, 'Fort Condor .mp3', 9, 'music_mp3/Final Fantasy/Fort Condor .mp3'),
(328, 'From the Edge of Despair .mp3', 9, 'music_mp3/Final Fantasy/From the Edge of Despair .mp3'),
(329, 'Gold Saucer .mp3', 9, 'music_mp3/Final Fantasy/Gold Saucer .mp3'),
(330, 'Good Night, Until Tomorrow .mp3', 9, 'music_mp3/Final Fantasy/Good Night, Until Tomorrow .mp3'),
(331, 'Heart of Anxiety .mp3', 9, 'music_mp3/Final Fantasy/Heart of Anxiety .mp3'),
(332, 'Honeybee Inn .mp3', 9, 'music_mp3/Final Fantasy/Honeybee Inn .mp3'),
(333, 'Hurry Up! .mp3', 9, 'music_mp3/Final Fantasy/Hurry Up! .mp3'),
(334, 'Hurry! .mp3', 9, 'music_mp3/Final Fantasy/Hurry! .mp3'),
(335, 'In Search of the Man in Black .mp3', 9, 'music_mp3/Final Fantasy/In Search of the Man in Black .mp3'),
(336, 'Infiltrating Shinra .mp3', 9, 'music_mp3/Final Fantasy/Infiltrating Shinra .mp3'),
(337, 'It\'s Hard to Stand on Both Feet! .mp3', 9, 'music_mp3/Final Fantasy/It\'s Hard to Stand on Both Feet! .mp3'),
(338, 'Jackpot! .mp3', 9, 'music_mp3/Final Fantasy/Jackpot! .mp3'),
(339, 'Jenova .mp3', 9, 'music_mp3/Final Fantasy/Jenova .mp3'),
(340, 'Jenova Absolute .mp3', 9, 'music_mp3/Final Fantasy/Jenova Absolute .mp3'),
(341, 'Judgement Day .mp3', 9, 'music_mp3/Final Fantasy/Judgement Day .mp3'),
(342, 'Launching a Dream into Space .mp3', 9, 'music_mp3/Final Fantasy/Launching a Dream into Space .mp3'),
(343, 'Let the Battles Begin! .mp3', 9, 'music_mp3/Final Fantasy/Let the Battles Begin! .mp3'),
(344, 'Lifestream .mp3', 9, 'music_mp3/Final Fantasy/Lifestream .mp3'),
(345, 'Listen to the Cries of the Planet .mp3', 9, 'music_mp3/Final Fantasy/Listen to the Cries of the Planet .mp3'),
(346, 'Lurking in the Darkness .mp3', 9, 'music_mp3/Final Fantasy/Lurking in the Darkness .mp3'),
(347, 'Main Theme .mp3', 9, 'music_mp3/Final Fantasy/Main Theme .mp3'),
(348, 'Mako Cannon ~ The Destruction of Shinra .mp3', 9, 'music_mp3/Final Fantasy/Mako Cannon ~ The Destruction of Shinra .mp3'),
(349, 'Mako Reactor .mp3', 9, 'music_mp3/Final Fantasy/Mako Reactor .mp3'),
(350, 'Mark of a Traitor .mp3', 9, 'music_mp3/Final Fantasy/Mark of a Traitor .mp3'),
(351, 'Mining Town .mp3', 9, 'music_mp3/Final Fantasy/Mining Town .mp3'),
(352, 'On Our Way .mp3', 9, 'music_mp3/Final Fantasy/On Our Way .mp3'),
(353, 'On That Day, Five Years Ago .mp3', 9, 'music_mp3/Final Fantasy/On That Day, Five Years Ago .mp3'),
(354, 'One-Winged Angel .mp3', 9, 'music_mp3/Final Fantasy/One-Winged Angel .mp3'),
(355, 'Open Your Heart .mp3', 9, 'music_mp3/Final Fantasy/Open Your Heart .mp3'),
(356, 'Opening ~ Bombing Mission .mp3', 9, 'music_mp3/Final Fantasy/Opening ~ Bombing Mission .mp3'),
(357, 'Other Side of the Mountain .mp3', 9, 'music_mp3/Final Fantasy/Other Side of the Mountain .mp3'),
(358, 'Provincial Town .mp3', 9, 'music_mp3/Final Fantasy/Provincial Town .mp3'),
(359, 'Racing Chocobos - Place Your Bets! .mp3', 9, 'music_mp3/Final Fantasy/Racing Chocobos - Place Your Bets! .mp3'),
(360, 'Red XIII\'s Theme .mp3', 9, 'music_mp3/Final Fantasy/Red XIII\'s Theme .mp3'),
(361, 'Reunion .mp3', 9, 'music_mp3/Final Fantasy/Reunion .mp3'),
(362, 'Rufus\' Welcoming Ceremony .mp3', 9, 'music_mp3/Final Fantasy/Rufus\' Welcoming Ceremony .mp3'),
(363, 'Secret of the Deep Sea .mp3', 9, 'music_mp3/Final Fantasy/Secret of the Deep Sea .mp3'),
(364, 'Shinra Company .mp3', 9, 'music_mp3/Final Fantasy/Shinra Company .mp3'),
(365, 'Shinra\'s Full-Scale Assault .mp3', 9, 'music_mp3/Final Fantasy/Shinra\'s Full-Scale Assault .mp3'),
(366, 'Staff Roll .mp3', 9, 'music_mp3/Final Fantasy/Staff Roll .mp3'),
(367, 'Steal the Tiny Bronco! .mp3', 9, 'music_mp3/Final Fantasy/Steal the Tiny Bronco! .mp3'),
(368, 'Stolen Materia .mp3', 9, 'music_mp3/Final Fantasy/Stolen Materia .mp3'),
(369, 'Tango of Tears .mp3', 9, 'music_mp3/Final Fantasy/Tango of Tears .mp3'),
(370, 'The Great Warrior .mp3', 9, 'music_mp3/Final Fantasy/The Great Warrior .mp3'),
(371, 'The Highwind Takes to the Skies .mp3', 9, 'music_mp3/Final Fantasy/The Highwind Takes to the Skies .mp3'),
(372, 'The Nightmare Begins .mp3', 9, 'music_mp3/Final Fantasy/The Nightmare Begins .mp3'),
(373, 'The North Cave .mp3', 9, 'music_mp3/Final Fantasy/The North Cave .mp3'),
(374, 'The Oppressed .mp3', 9, 'music_mp3/Final Fantasy/The Oppressed .mp3'),
(375, 'The Planet\'s Crisis .mp3', 9, 'music_mp3/Final Fantasy/The Planet\'s Crisis .mp3'),
(376, 'The Prelude .mp3', 9, 'music_mp3/Final Fantasy/The Prelude .mp3'),
(377, 'Those Chosen by the Planet .mp3', 9, 'music_mp3/Final Fantasy/Those Chosen by the Planet .mp3'),
(378, 'Tifa\'s Theme .mp3', 9, 'music_mp3/Final Fantasy/Tifa\'s Theme .mp3'),
(379, 'Trail of Blood .mp3', 9, 'music_mp3/Final Fantasy/Trail of Blood .mp3'),
(380, 'Turks\' Theme .mp3', 9, 'music_mp3/Final Fantasy/Turks\' Theme .mp3'),
(381, 'Under the Rotting Pizza .mp3', 9, 'music_mp3/Final Fantasy/Under the Rotting Pizza .mp3'),
(382, 'Waltz de Chocobo .mp3', 9, 'music_mp3/Final Fantasy/Waltz de Chocobo .mp3'),
(383, 'Who... Am I？ .mp3', 9, 'music_mp3/Final Fantasy/Who... Am I？ .mp3'),
(384, 'Who... Are You？ .mp3', 9, 'music_mp3/Final Fantasy/Who... Are You？ .mp3'),
(385, 'Words Drowned by Fireworks .mp3', 9, 'music_mp3/Final Fantasy/Words Drowned by Fireworks .mp3'),
(386, 'Wutai .mp3', 9, 'music_mp3/Final Fantasy/Wutai .mp3'),
(387, 'Avast! Beach Cove! .mp3', 10, 'music_mp3/Gorilla Tag/Avast! Beach Cove! .mp3'),
(388, 'Campfire .mp3', 10, 'music_mp3/Gorilla Tag/Campfire .mp3'),
(389, 'Canyon Cookoff .mp3', 10, 'music_mp3/Gorilla Tag/Canyon Cookoff .mp3'),
(390, 'Cave Wave .mp3', 10, 'music_mp3/Gorilla Tag/Cave Wave .mp3'),
(391, 'Curse of the Monkeye .mp3', 10, 'music_mp3/Gorilla Tag/Curse of the Monkeye .mp3'),
(392, 'Monke Need to Swing .mp3', 10, 'music_mp3/Gorilla Tag/Monke Need to Swing .mp3'),
(393, 'Monkebone Bash .mp3', 10, 'music_mp3/Gorilla Tag/Monkebone Bash .mp3'),
(394, 'Mountain Medley .mp3', 10, 'music_mp3/Gorilla Tag/Mountain Medley .mp3'),
(395, 'Nice Gorilla Store Hifi .mp3', 10, 'music_mp3/Gorilla Tag/Nice Gorilla Store Hifi .mp3'),
(396, 'Nice Gorilla Store Lofi .mp3', 10, 'music_mp3/Gorilla Tag/Nice Gorilla Store Lofi .mp3'),
(397, 'Spelunke Monke .mp3', 10, 'music_mp3/Gorilla Tag/Spelunke Monke .mp3'),
(398, 'What the Future Holds .mp3', 10, 'music_mp3/Gorilla Tag/What the Future Holds .mp3'),
(399, 'Burn It All Down (ft. PVRIS) .mp3', 11, 'music_mp3/Worlds - League of Legends/Burn It All Down (ft. PVRIS) .mp3'),
(400, 'GODS ft. NewJeans (뉴진스) .mp3', 11, 'music_mp3/Worlds - League of Legends/GODS ft. NewJeans (뉴진스) .mp3'),
(401, 'Heavy Is The Crown ft. Linkin Park .mp3', 11, 'music_mp3/Worlds - League of Legends/Heavy Is The Crown ft. Linkin Park .mp3'),
(402, 'Ignite (ft. Zedd) .mp3', 11, 'music_mp3/Worlds - League of Legends/Ignite (ft. Zedd) .mp3'),
(403, 'Legends Never Die (ft. Against The Current).mp3', 11, 'music_mp3/Worlds - League of Legends/Legends Never Die (ft. Against The Current).mp3'),
(404, 'Lil Nas X - STAR WALKIN\' .mp3', 11, 'music_mp3/Worlds - League of Legends/Lil Nas X - STAR WALKIN\' .mp3'),
(405, 'Phoenix (ft. Cailin Russo and Chrissy Costanza) .mp3', 11, 'music_mp3/Worlds - League of Legends/Phoenix (ft. Cailin Russo and Chrissy Costanza) .mp3'),
(406, 'RISE (ft. The Glitch Mob, Mako, and The Word Alive) .mp3', 11, 'music_mp3/Worlds - League of Legends/RISE (ft. The Glitch Mob, Mako, and The Word Alive) .mp3'),
(407, 'Take Over (ft. Jeremy McKinnon (A Day To Remember), MAX, Henry) .mp3', 11, 'music_mp3/Worlds - League of Legends/Take Over (ft. Jeremy McKinnon (A Day To Remember), MAX, Henry) .mp3'),
(408, 'Warriors (ft. Imagine Dragons) .mp3', 11, 'music_mp3/Worlds - League of Legends/Warriors (ft. Imagine Dragons) .mp3'),
(409, 'Worlds Collide (ft. Nicki Taylor) .mp3', 11, 'music_mp3/Worlds - League of Legends/Worlds Collide (ft. Nicki Taylor) .mp3');

-- --------------------------------------------------------

--
-- Structure de la table `users`
--

DROP TABLE IF EXISTS `users`;
CREATE TABLE IF NOT EXISTS `users` (
  `id` int NOT NULL AUTO_INCREMENT,
  `username` varchar(40) NOT NULL,
  `email` varchar(255) NOT NULL,
  `password_hash` varchar(255) NOT NULL,
  `role` enum('admin','producer','premium','normal') CHARACTER SET utf8mb4 COLLATE utf8mb4_0900_ai_ci DEFAULT 'normal',
  PRIMARY KEY (`id`),
  UNIQUE KEY `username` (`username`),
  UNIQUE KEY `email` (`email`)
) ENGINE=InnoDB AUTO_INCREMENT=14 DEFAULT CHARSET=utf8mb4 COLLATE=utf8mb4_0900_ai_ci;

--
-- Déchargement des données de la table `users`
--

INSERT INTO `users` (`id`, `username`, `email`, `password_hash`, `role`) VALUES
(1, 'admin', 'admin@gmail.com', '$2y$10$uneBkVDn/cyVvij6g3t2H.jjDL899JhijiADBRl68dpedKzSMjyYK', 'admin'),
(9, 'test', 'test@test', '$2y$10$5Zl4P7XSvFa2y5ntKT2lF.ckkeTGmoZRf/.6CJHWiqg8B6s3hrMv2', NULL),
(10, 'aaa', 'a@a', '$2y$10$kw8VD6fLI2pyXl6Y26DmzeZJku46JEW8M24Q9vOh3OwyU.zakV9mW', NULL),
(11, 'azerty', 'azerty@azerty', '$2y$10$h1yev5g5zphmk3j24Yc1RO3tPVDVf4EME0wRtgz4oC6q/KWlj8.Im', NULL)

-- --------------------------------------------------------

--
-- Structure de la table `videogames`
--

DROP TABLE IF EXISTS `videogames`;
CREATE TABLE IF NOT EXISTS `videogames` (
  `id` int NOT NULL AUTO_INCREMENT,
  `name` varchar(230) NOT NULL,
  UNIQUE KEY `id_2` (`id`),
  KEY `id` (`id`)
) ENGINE=InnoDB AUTO_INCREMENT=12 DEFAULT CHARSET=utf8mb4 COLLATE=utf8mb4_0900_ai_ci;

--
-- Déchargement des données de la table `videogames`
--

INSERT INTO `videogames` (`id`, `name`) VALUES
(1, 'Celeste'),
(2, 'Clair Obscur - Expedition 33'),
(3, 'Hollow Knight'),
(4, 'Kingdom - Two Crowns'),
(5, 'Outer Wilds'),
(6, 'Stardew Valley'),
(7, 'TES V Skyrim'),
(8, 'World of Warcraft'),
(9, 'Final Fantasy'),
(10, 'Gorilla Tag'),
(11, 'Worlds - League of Legends');
COMMIT;

/*!40101 SET CHARACTER_SET_CLIENT=@OLD_CHARACTER_SET_CLIENT */;
/*!40101 SET CHARACTER_SET_RESULTS=@OLD_CHARACTER_SET_RESULTS */;
/*!40101 SET COLLATION_CONNECTION=@OLD_COLLATION_CONNECTION */;
